<?xml version="1.0" encoding="UTF-8"?><idempiere Name="org.evenos.broadcaster" Version="1.4" idempiereVersion="" DataBaseVersion="" Description="-Broadcaster Dashboard Panel&#10;-Role Window with new Checkbox on user assignment tab&#10;-User Window with new Checkbox on user roles tab&#10;-Broadcaster Messages " Author="" AuthorEmail="" CreatedDate="2014-04-08 10:37:06.822" UpdatedDate="2014-04-10 10:04:14.747" PackOutVersion="100" UpdateDictionary="false" Client="0-SYSTEM-System" AD_Client_UU="11237b53-9592-4af1-b3c5-afd216514b5d">
    <PA_DashboardContent type="table">
        <AD_Client_ID>0</AD_Client_ID>
        <AD_Org_ID>0</AD_Org_ID>
        <Line>0</Line>
        <HTML/>
        <ColumnNo>0</ColumnNo>
        <IsCollapsible>true</IsCollapsible>
        <GoalDisplay>T</GoalDisplay>
        <Description>Send broadcast messages to users</Description>
        <Name>Broadcaster</Name>
        <IsShowInDashboard>true</IsShowInDashboard>
        <PA_DashboardContent_UU>1725e7f6-70e4-4c67-b3fa-450ae6f32a2b</PA_DashboardContent_UU>
        <ProcessParameters/>
        <IsActive>true</IsActive>
        <IsCollapsedByDefault>false</IsCollapsedByDefault>
        <IsEmbedReportContent>false</IsEmbedReportContent>
        <ZulFilePath>/zul/broadcaster.zul</ZulFilePath>
        <AD_Chart_ID reference="id"/>
        <AD_Process_ID reference="id"/>
        <AD_User_ID reference="id">0</AD_User_ID>
        <IsShowinLogin>true</IsShowinLogin>
        <AD_Window_ID reference="id"/>
        <PA_Goal_ID reference="id"/>
        <AD_Role_ID reference="id">0</AD_Role_ID>
        <PA_DashboardContent_Trl type="translation">
            <HTML/>
            <Description>Send broadcast messages to users</Description>
            <Name>Broadcaster</Name>
            <AD_Language>de_DE</AD_Language>
            <IsActive>true</IsActive>
            <IsTranslated>false</IsTranslated>
        </PA_DashboardContent_Trl>
    </PA_DashboardContent>
    <AD_Element type="table">
        <AD_Client_ID>0</AD_Client_ID>
        <AD_Org_ID>0</AD_Org_ID>
        <ColumnName>dpbinvisibleinrole</ColumnName>
        <Help>If checked, other users of the same role can not see this user in the Broadcaster Dashboard Panel</Help>
        <PO_Description/>
        <PO_Help/>
        <PO_PrintName/>
        <Name>Invisible in Role</Name>
        <Description>Check if the user should be invisible to other users in this role.</Description>
        <PrintName trim="false">User is invisible in this Role</PrintName>
        <PO_Name/>
        <AD_Element_UU>0b38073d-3a73-492d-ba7e-7d81b2ea6a0a</AD_Element_UU>
        <IsActive>true</IsActive>
        <EntityType>U</EntityType>
        <AD_Element_Trl type="translation">
            <Help/>
            <PO_Description/>
            <PO_Help/>
            <PO_PrintName/>
            <Name>dpbinvisibleinrole</Name>
            <Description/>
            <PrintName trim="false">dpbinvisibleinrole</PrintName>
            <PO_Name/>
            <AD_Language>de_DE</AD_Language>
            <IsActive>true</IsActive>
            <IsTranslated>false</IsTranslated>
        </AD_Element_Trl>
    </AD_Element>
    <AD_Column type="table">
        <IsSyncDatabase>Y</IsSyncDatabase>
        <AD_Table_ID reference="id">157</AD_Table_ID>
        <AD_Reference_Value_ID reference="id"/>
        <AD_Client_ID>0</AD_Client_ID>
        <AD_Org_ID>0</AD_Org_ID>
        <SeqNoSelection/>
        <Version>0.0</Version>
        <ValueMax/>
        <IsMandatory>true</IsMandatory>
        <IsTranslated>false</IsTranslated>
        <IsIdentifier>false</IsIdentifier>
        <SeqNo/>
        <ValueMin/>
        <IsParent>false</IsParent>
        <FieldLength>1</FieldLength>
        <IsSelectionColumn>false</IsSelectionColumn>
        <IsKey>false</IsKey>
        <ReadOnlyLogic/>
        <IsAutocomplete>false</IsAutocomplete>
        <IsAllowLogging>true</IsAllowLogging>
        <MandatoryLogic/>
        <FormatPattern/>
        <AD_Column_UU>4b041f3d-5be7-4a46-8d6a-272f72eda113</AD_Column_UU>
        <IsUpdateable>true</IsUpdateable>
        <Callout/>
        <ColumnName>dpbinvisibleinrole</ColumnName>
        <Description>Check if the user should be invisible to other users in this role.</Description>
        <ColumnSQL/>
        <DefaultValue>'N'</DefaultValue>
        <Help>If checked, other users of the same role can not see this user in the Broadcaster Dashboard Panel</Help>
        <Name>Invisible in Role</Name>
        <IsAllowCopy>true</IsAllowCopy>
        <IsActive>true</IsActive>
        <IsToolbarButton>false</IsToolbarButton>
        <IsAlwaysUpdateable>false</IsAlwaysUpdateable>
        <VFormat/>
        <IsEncrypted>N</IsEncrypted>
        <IsSecure>false</IsSecure>
        <FKConstraintType>N</FKConstraintType>
        <FKConstraintName/>
        <AD_Reference_ID reference="id">20</AD_Reference_ID>
        <AD_Chart_ID reference="id"/>
        <AD_Element_ID reference="uuid" reference-key="AD_Element">0b38073d-3a73-492d-ba7e-7d81b2ea6a0a</AD_Element_ID>
        <AD_Val_Rule_ID reference="id"/>
        <AD_Process_ID reference="id"/>
        <EntityType>U</EntityType>
    </AD_Column>
    <AD_Field type="table">
        <AD_Client_ID>0</AD_Client_ID>
        <AD_Org_ID>0</AD_Org_ID>
        <SortNo/>
        <IsEncrypted>false</IsEncrypted>
        <DisplayLength>1</DisplayLength>
        <IsSameLine>false</IsSameLine>
        <IsHeading>false</IsHeading>
        <SeqNo>60</SeqNo>
        <IsCentrallyMaintained>true</IsCentrallyMaintained>
        <IsReadOnly>false</IsReadOnly>
        <Help>If checked, other users of the same role can not see this user in the Broadcaster Dashboard Panel</Help>
        <ObscureType/>
        <DisplayLogic/>
        <IsMandatory/>
        <AD_Val_Rule_ID reference="id"/>
        <Description>Check if the user should be invisible to other users in this role.</Description>
        <Name>Invisible in Role</Name>
        <IsDisplayed>true</IsDisplayed>
        <AD_Field_UU>6e588063-e05a-45ca-a7f2-9f69382f1341</AD_Field_UU>
        <IsFieldOnly>false</IsFieldOnly>
        <DefaultValue/>
        <IsAllowCopy/>
        <IsActive>true</IsActive>
        <IsDisplayedGrid>true</IsDisplayedGrid>
        <SeqNoGrid/>
        <XPosition>5</XPosition>
        <IsQuickEntry>false</IsQuickEntry>
        <MandatoryLogic/>
        <IsUpdateable/>
        <IsAlwaysUpdateable/>
        <ReadOnlyLogic/>
        <IsToolbarButton/>
        <ColumnSpan>2</ColumnSpan>
        <NumLines>1</NumLines>
        <IsAdvancedField>false</IsAdvancedField>
        <IsDefaultFocus>false</IsDefaultFocus>
        <AD_Column_ID reference="uuid" reference-key="AD_Column">4b041f3d-5be7-4a46-8d6a-272f72eda113</AD_Column_ID>
        <AD_FieldGroup_ID reference="id"/>
        <AD_Reference_ID reference="id"/>
        <AD_Reference_Value_ID reference="id"/>
        <EntityType>U</EntityType>
        <Included_Tab_ID reference="id"/>
        <AD_Tab_ID reference="id">120</AD_Tab_ID>
        <AD_Field_Trl type="translation">
            <Help>If checked, other users of the same role can not see this user in the Broadcaster Dashboard Panel</Help>
            <Description>Check if the user should be invisible to other users in this role.</Description>
            <Name>Invisible in Role</Name>
            <AD_Language>de_DE</AD_Language>
            <IsActive>true</IsActive>
            <IsTranslated>false</IsTranslated>
        </AD_Field_Trl>
    </AD_Field>
    <AD_Message type="table">
        <AD_Client_ID>0</AD_Client_ID>
        <AD_Org_ID>0</AD_Org_ID>
        <MsgType>I</MsgType>
        <MsgText>Clients</MsgText>
        <MsgTip/>
        <AD_Message_UU>3b485c32-c525-4e0f-9097-99d21552b0f9</AD_Message_UU>
        <Value>DPBroadcaster_Clients</Value>
        <IsActive>true</IsActive>
        <EntityType>U</EntityType>
        <AD_Message_Trl type="translation">
            <MsgText>Clients</MsgText>
            <MsgTip>Text for the clients node on Broadcaster Dashboard Panel tree</MsgTip>
            <AD_Language>de_DE</AD_Language>
            <IsActive>true</IsActive>
            <IsTranslated>false</IsTranslated>
        </AD_Message_Trl>
    </AD_Message>
    <AD_Message type="table">
        <AD_Client_ID>0</AD_Client_ID>
        <AD_Org_ID>0</AD_Org_ID>
        <MsgType>I</MsgType>
        <MsgText>Countries</MsgText>
        <MsgTip/>
        <AD_Message_UU>58ad4c94-a8b7-4ab0-85bf-16967e8713a2</AD_Message_UU>
        <Value>DPBroadcaster_Countries</Value>
        <IsActive>true</IsActive>
        <EntityType>U</EntityType>
        <AD_Message_Trl type="translation">
            <MsgText>Countries</MsgText>
            <MsgTip>Text for the countries node on Broadcaster Dashboard Panel tree</MsgTip>
            <AD_Language>de_DE</AD_Language>
            <IsActive>true</IsActive>
            <IsTranslated>false</IsTranslated>
        </AD_Message_Trl>
    </AD_Message>
    <AD_Message type="table">
        <AD_Client_ID>0</AD_Client_ID>
        <AD_Org_ID>0</AD_Org_ID>
        <MsgType>I</MsgType>
        <MsgText>Send message to</MsgText>
        <MsgTip/>
        <AD_Message_UU>45368555-e95e-4750-bacb-3a26f74c447d</AD_Message_UU>
        <Value>DPBroadcaster_Message_To</Value>
        <IsActive>true</IsActive>
        <EntityType>U</EntityType>
        <AD_Message_Trl type="translation">
            <MsgText>Send message to</MsgText>
            <MsgTip>Text for the header of the broadcast message window which opens when clicked on a node in the tree of the Broadcaster Dashboard Panel</MsgTip>
            <AD_Language>de_DE</AD_Language>
            <IsActive>true</IsActive>
            <IsTranslated>false</IsTranslated>
        </AD_Message_Trl>
    </AD_Message>
    <AD_Message type="table">
        <AD_Client_ID>0</AD_Client_ID>
        <AD_Org_ID>0</AD_Org_ID>
        <MsgType>I</MsgType>
        <MsgText>Online Users</MsgText>
        <MsgTip/>
        <AD_Message_UU>a5702e6d-7e20-4614-9d5d-8fad7975f8d0</AD_Message_UU>
        <Value>DPBroadcaster_Online_Users_Only</Value>
        <IsActive>true</IsActive>
        <EntityType>U</EntityType>
        <AD_Message_Trl type="translation">
            <MsgText>Online Users</MsgText>
            <MsgTip>Text for the online users only filter on Broadcaster Dashboard Panel</MsgTip>
            <AD_Language>de_DE</AD_Language>
            <IsActive>true</IsActive>
            <IsTranslated>false</IsTranslated>
        </AD_Message_Trl>
    </AD_Message>
    <AD_Message type="table">
        <AD_Client_ID>0</AD_Client_ID>
        <AD_Org_ID>0</AD_Org_ID>
        <MsgType>I</MsgType>
        <MsgText>Display only online users</MsgText>
        <MsgTip/>
        <AD_Message_UU>8066b5ab-30b1-4688-8f67-cfd2bb4435d2</AD_Message_UU>
        <Value>DPBroadcaster_Online_Users_Only_Tooltip</Value>
        <IsActive>true</IsActive>
        <EntityType>U</EntityType>
        <AD_Message_Trl type="translation">
            <MsgText>Display only online users</MsgText>
            <MsgTip>Text for the tooltip of the online users only filter on Broadcaster Dashboard Panel</MsgTip>
            <AD_Language>de_DE</AD_Language>
            <IsActive>true</IsActive>
            <IsTranslated>false</IsTranslated>
        </AD_Message_Trl>
    </AD_Message>
    <AD_Message type="table">
        <AD_Client_ID>0</AD_Client_ID>
        <AD_Org_ID>0</AD_Org_ID>
        <MsgType>I</MsgType>
        <MsgText>Organizations</MsgText>
        <MsgTip/>
        <AD_Message_UU>7c68f327-d5fa-46b1-bc1f-7483fda13b45</AD_Message_UU>
        <Value>DPBroadcaster_Organizations</Value>
        <IsActive>true</IsActive>
        <EntityType>U</EntityType>
        <AD_Message_Trl type="translation">
            <MsgText>Organizations</MsgText>
            <MsgTip>Text for the organizations node on Broadcaster Dashboard Panel tree</MsgTip>
            <AD_Language>de_DE</AD_Language>
            <IsActive>true</IsActive>
            <IsTranslated>false</IsTranslated>
        </AD_Message_Trl>
    </AD_Message>
    <AD_Message type="table">
        <AD_Client_ID>0</AD_Client_ID>
        <AD_Org_ID>0</AD_Org_ID>
        <MsgType>I</MsgType>
        <MsgText>Roles</MsgText>
        <MsgTip/>
        <AD_Message_UU>1b9f95f4-a950-4b59-ad7d-211cdb8c4908</AD_Message_UU>
        <Value>DPBroadcaster_Roles</Value>
        <IsActive>true</IsActive>
        <EntityType>U</EntityType>
        <AD_Message_Trl type="translation">
            <MsgText>Roles</MsgText>
            <MsgTip>Text for the roles node on Broadcaster Dashboard Panel tree</MsgTip>
            <AD_Language>de_DE</AD_Language>
            <IsActive>true</IsActive>
            <IsTranslated>false</IsTranslated>
        </AD_Message_Trl>
    </AD_Message>
    <AD_Message type="table">
        <AD_Client_ID>0</AD_Client_ID>
        <AD_Org_ID>0</AD_Org_ID>
        <MsgType>I</MsgType>
        <MsgText>Send message to</MsgText>
        <MsgTip/>
        <AD_Message_UU>c765394f-87b8-480c-a031-bf5c9569a1f2</AD_Message_UU>
        <Value>DPBroadcaster_Tooltip_Message_To</Value>
        <IsActive>true</IsActive>
        <EntityType>U</EntityType>
        <AD_Message_Trl type="translation">
            <MsgText>Send message to</MsgText>
            <MsgTip>Text for the tooltip of a node on Broadcaster Dashboard Panel tree. To this text, the client/org/role/country/region/user name is added.</MsgTip>
            <AD_Language>de_DE</AD_Language>
            <IsActive>true</IsActive>
            <IsTranslated>false</IsTranslated>
        </AD_Message_Trl>
    </AD_Message>
    <AD_Message type="table">
        <AD_Client_ID>0</AD_Client_ID>
        <AD_Org_ID>0</AD_Org_ID>
        <MsgType>I</MsgType>
        <MsgText>User Name</MsgText>
        <MsgTip/>
        <AD_Message_UU>22aa53c7-5bc8-4b0d-817b-82ced50021bf</AD_Message_UU>
        <Value>DPBroadcaster_User_Name</Value>
        <IsActive>true</IsActive>
        <EntityType>U</EntityType>
        <AD_Message_Trl type="translation">
            <MsgText>User Name</MsgText>
            <MsgTip>Text for the User Name filter on Broadcaster Dashboard Panel</MsgTip>
            <AD_Language>de_DE</AD_Language>
            <IsActive>true</IsActive>
            <IsTranslated>false</IsTranslated>
        </AD_Message_Trl>
    </AD_Message>
    <AD_Field type="table">
        <AD_Client_ID>0</AD_Client_ID>
        <AD_Org_ID>0</AD_Org_ID>
        <SortNo/>
        <IsEncrypted>false</IsEncrypted>
        <DisplayLength>1</DisplayLength>
        <IsSameLine>false</IsSameLine>
        <IsHeading>false</IsHeading>
        <SeqNo>60</SeqNo>
        <IsCentrallyMaintained>true</IsCentrallyMaintained>
        <IsReadOnly>false</IsReadOnly>
        <Help>If checked, other users of the same role can not see this user in the Broadcaster Dashboard Panel</Help>
        <ObscureType/>
        <DisplayLogic/>
        <IsMandatory/>
        <AD_Val_Rule_ID reference="id"/>
        <Description>Check if the user should be invisible to other users in this role.</Description>
        <Name>Invisible in Role</Name>
        <IsDisplayed>true</IsDisplayed>
        <AD_Field_UU>6ebf6f30-b7fc-4309-b944-c7be52e5893c</AD_Field_UU>
        <IsFieldOnly>false</IsFieldOnly>
        <DefaultValue/>
        <IsAllowCopy/>
        <IsActive>true</IsActive>
        <IsDisplayedGrid>true</IsDisplayedGrid>
        <SeqNoGrid/>
        <XPosition>5</XPosition>
        <IsQuickEntry>false</IsQuickEntry>
        <MandatoryLogic/>
        <IsUpdateable/>
        <IsAlwaysUpdateable/>
        <ReadOnlyLogic/>
        <IsToolbarButton/>
        <ColumnSpan>2</ColumnSpan>
        <NumLines>1</NumLines>
        <IsAdvancedField>false</IsAdvancedField>
        <IsDefaultFocus>false</IsDefaultFocus>
        <AD_Column_ID reference="uuid" reference-key="AD_Column">4b041f3d-5be7-4a46-8d6a-272f72eda113</AD_Column_ID>
        <AD_FieldGroup_ID reference="id"/>
        <AD_Reference_ID reference="id"/>
        <AD_Reference_Value_ID reference="id"/>
        <EntityType>U</EntityType>
        <Included_Tab_ID reference="id"/>
        <AD_Tab_ID reference="id">121</AD_Tab_ID>
        <AD_Field_Trl type="translation">
            <Help>If checked, other users of the same role can not see this user in the Broadcaster Dashboard Panel</Help>
            <Description>Check if the user should be invisible to other users in this role.</Description>
            <Name>Invisible in Role</Name>
            <AD_Language>de_DE</AD_Language>
            <IsActive>true</IsActive>
            <IsTranslated>false</IsTranslated>
        </AD_Field_Trl>
    </AD_Field>
</idempiere>
