<?xml version="1.0" encoding="UTF-8"?><idempiere Name="org.evenos.broadcaster" Version="1.2" idempiereVersion="" DataBaseVersion="" Description="-Broadcaster Dashboard Panel&#10;-Role Window with new Checkbox on user assignment tab&#10;-Broadcaster Messages " Author="" AuthorEmail="" CreatedDate="2014-04-08 10:37:06.822" UpdatedDate="2014-04-09 10:56:31.782" PackOutVersion="100" UpdateDictionary="false" Client="0-SYSTEM-System" AD_Client_UU="11237b53-9592-4af1-b3c5-afd216514b5d">
    <PA_DashboardContent type="table">
        <AD_Client_ID>0</AD_Client_ID>
        <AD_Org_ID>0</AD_Org_ID>
        <Line>0</Line>
        <HTML/>
        <ColumnNo>0</ColumnNo>
        <IsCollapsible>true</IsCollapsible>
        <GoalDisplay>T</GoalDisplay>
        <Description>Send broadcast messages to users</Description>
        <Name>Broadcaster</Name>
        <IsShowInDashboard>true</IsShowInDashboard>
        <PA_DashboardContent_UU>1725e7f6-70e4-4c67-b3fa-450ae6f32a2b</PA_DashboardContent_UU>
        <ProcessParameters/>
        <IsActive>true</IsActive>
        <IsCollapsedByDefault>false</IsCollapsedByDefault>
        <IsEmbedReportContent>false</IsEmbedReportContent>
        <ZulFilePath>/zul/broadcaster.zul</ZulFilePath>
        <AD_Chart_ID reference="id"/>
        <AD_Process_ID reference="id"/>
        <AD_User_ID reference="id">0</AD_User_ID>
        <IsShowinLogin>true</IsShowinLogin>
        <AD_Window_ID reference="id"/>
        <PA_Goal_ID reference="id"/>
        <AD_Role_ID reference="id">0</AD_Role_ID>
        <PA_DashboardContent_Trl type="translation">
            <HTML/>
            <Description>Send broadcast messages to users</Description>
            <Name>Broadcaster</Name>
            <AD_Language>de_DE</AD_Language>
            <IsActive>true</IsActive>
            <IsTranslated>false</IsTranslated>
        </PA_DashboardContent_Trl>
    </PA_DashboardContent>
    <AD_TableIndex type="table">
        <AD_TableIndex_ID>200221</AD_TableIndex_ID>
        <AD_Client_ID>0</AD_Client_ID>
        <AD_Org_ID>0</AD_Org_ID>
        <AD_TableIndex_ID>200221</AD_TableIndex_ID>
        <AD_TableIndex_UU>2168c379-121b-4832-857f-4540f011b92b</AD_TableIndex_UU>
        <Description/>
        <IsActive>true</IsActive>
        <Name>ad_task_access_uu_idx</Name>
        <Help/>
        <IsCreateConstraint>false</IsCreateConstraint>
        <IsUnique>true</IsUnique>
        <Processing>false</Processing>
        <TableIndexDrop/>
        <AD_Message_ID reference="id"/>
        <EntityType>D</EntityType>
        <AD_Table_ID reference="id">199</AD_Table_ID>
        <AD_IndexColumn type="table">
            <AD_IndexColumn_ID>200251</AD_IndexColumn_ID>
            <AD_Client_ID>0</AD_Client_ID>
            <AD_Org_ID>0</AD_Org_ID>
            <AD_IndexColumn_ID>200251</AD_IndexColumn_ID>
            <AD_IndexColumn_UU>e3d0608f-b36b-4e92-842b-e4b8147346be</AD_IndexColumn_UU>
            <IsActive>true</IsActive>
            <ColumnSQL/>
            <SeqNo>1</SeqNo>
            <AD_Column_ID reference="id">60511</AD_Column_ID>
            <AD_TableIndex_ID reference="id">200221</AD_TableIndex_ID>
            <EntityType>D</EntityType>
        </AD_IndexColumn>
    </AD_TableIndex>
    <AD_TableIndex type="table">
        <AD_TableIndex_ID>200190</AD_TableIndex_ID>
        <AD_Client_ID>0</AD_Client_ID>
        <AD_Org_ID>0</AD_Org_ID>
        <AD_TableIndex_ID>200190</AD_TableIndex_ID>
        <AD_TableIndex_UU>805373fc-4be4-477a-ad11-c69105809ee6</AD_TableIndex_UU>
        <Description/>
        <IsActive>true</IsActive>
        <Name>ad_role_included_uu_idx</Name>
        <Help/>
        <IsCreateConstraint>false</IsCreateConstraint>
        <IsUnique>true</IsUnique>
        <Processing>false</Processing>
        <TableIndexDrop/>
        <AD_Message_ID reference="id"/>
        <EntityType>D</EntityType>
        <AD_Table_ID reference="id">53222</AD_Table_ID>
        <AD_IndexColumn type="table">
            <AD_IndexColumn_ID>200216</AD_IndexColumn_ID>
            <AD_Client_ID>0</AD_Client_ID>
            <AD_Org_ID>0</AD_Org_ID>
            <AD_IndexColumn_ID>200216</AD_IndexColumn_ID>
            <AD_IndexColumn_UU>efa01623-c2a6-43b9-b6b4-1b1a9468f83a</AD_IndexColumn_UU>
            <IsActive>true</IsActive>
            <ColumnSQL/>
            <SeqNo>1</SeqNo>
            <AD_Column_ID reference="id">60490</AD_Column_ID>
            <AD_TableIndex_ID reference="id">200190</AD_TableIndex_ID>
            <EntityType>D</EntityType>
        </AD_IndexColumn>
    </AD_TableIndex>
    <AD_Element type="table">
        <AD_Element_ID>53468</AD_Element_ID>
        <AD_Client_ID>0</AD_Client_ID>
        <AD_Org_ID>0</AD_Org_ID>
        <ColumnName>Allow_Info_MRP</ColumnName>
        <AD_Element_ID>53468</AD_Element_ID>
        <Help/>
        <PO_Description/>
        <PO_Help/>
        <PO_PrintName/>
        <Name>Allow Info MRP</Name>
        <Description/>
        <PrintName trim="false">Allow Info MRP</PrintName>
        <PO_Name/>
        <AD_Element_UU>eebaa715-4561-418d-b6c4-740f77768cf1</AD_Element_UU>
        <IsActive>true</IsActive>
        <EntityType>EE01</EntityType>
        <AD_Element_Trl type="translation">
            <Help/>
            <PO_Description/>
            <PO_Help/>
            <PO_PrintName/>
            <Name>Permitir Información MRP</Name>
            <Description/>
            <PrintName trim="false">Permitir Información MRP</PrintName>
            <PO_Name/>
            <AD_Language>es_CO</AD_Language>
            <IsActive>true</IsActive>
            <IsTranslated>true</IsTranslated>
        </AD_Element_Trl>
        <AD_Element_Trl type="translation">
            <Help/>
            <PO_Description/>
            <PO_Help/>
            <PO_PrintName/>
            <Name>Infos zu MBP zulassen</Name>
            <Description/>
            <PrintName trim="false">Infos zu MBP zulassen</PrintName>
            <PO_Name/>
            <AD_Language>de_DE</AD_Language>
            <IsActive>true</IsActive>
            <IsTranslated>true</IsTranslated>
        </AD_Element_Trl>
    </AD_Element>
    <AD_Column type="table">
        <AD_Column_ID>55332</AD_Column_ID>
        <IsSyncDatabase>Y</IsSyncDatabase>
        <AD_Table_ID reference="id">156</AD_Table_ID>
        <AD_Reference_Value_ID reference="id"/>
        <AD_Client_ID>0</AD_Client_ID>
        <AD_Org_ID>0</AD_Org_ID>
        <SeqNoSelection/>
        <Version>0</Version>
        <AD_Column_ID>55332</AD_Column_ID>
        <ValueMax/>
        <IsMandatory>true</IsMandatory>
        <IsTranslated>false</IsTranslated>
        <IsIdentifier>false</IsIdentifier>
        <SeqNo/>
        <ValueMin/>
        <IsParent>false</IsParent>
        <FieldLength>1</FieldLength>
        <IsSelectionColumn>false</IsSelectionColumn>
        <IsKey>false</IsKey>
        <ReadOnlyLogic/>
        <IsAutocomplete>false</IsAutocomplete>
        <IsAllowLogging>true</IsAllowLogging>
        <MandatoryLogic/>
        <FormatPattern/>
        <AD_Column_UU>e3e7d749-10b5-423c-88bd-607b5500f07d</AD_Column_UU>
        <IsUpdateable>true</IsUpdateable>
        <Callout/>
        <ColumnName>Allow_Info_MRP</ColumnName>
        <Description/>
        <ColumnSQL/>
        <DefaultValue>N</DefaultValue>
        <Help/>
        <Name>Allow Info MRP</Name>
        <IsAllowCopy>true</IsAllowCopy>
        <IsActive>false</IsActive>
        <IsToolbarButton>false</IsToolbarButton>
        <IsAlwaysUpdateable>false</IsAlwaysUpdateable>
        <VFormat/>
        <IsEncrypted>N</IsEncrypted>
        <IsSecure>false</IsSecure>
        <FKConstraintType/>
        <FKConstraintName/>
        <AD_Reference_ID reference="id">20</AD_Reference_ID>
        <AD_Chart_ID reference="id"/>
        <AD_Element_ID reference="id">53468</AD_Element_ID>
        <AD_Val_Rule_ID reference="id"/>
        <AD_Process_ID reference="id"/>
        <EntityType>EE01</EntityType>
    </AD_Column>
    <AD_Element type="table">
        <AD_Element_ID>53469</AD_Element_ID>
        <AD_Client_ID>0</AD_Client_ID>
        <AD_Org_ID>0</AD_Org_ID>
        <ColumnName>Allow_Info_CRP</ColumnName>
        <AD_Element_ID>53469</AD_Element_ID>
        <Help/>
        <PO_Description/>
        <PO_Help/>
        <PO_PrintName/>
        <Name>Allow Info CRP</Name>
        <Description/>
        <PrintName trim="false">Allow Info CRP</PrintName>
        <PO_Name/>
        <AD_Element_UU>ca3e3386-d0fa-4181-bd99-1724d504a370</AD_Element_UU>
        <IsActive>true</IsActive>
        <EntityType>EE01</EntityType>
        <AD_Element_Trl type="translation">
            <Help/>
            <PO_Description/>
            <PO_Help/>
            <PO_PrintName/>
            <Name>Permitir Información CRP</Name>
            <Description/>
            <PrintName trim="false">Permitir Información CRP</PrintName>
            <PO_Name/>
            <AD_Language>es_CO</AD_Language>
            <IsActive>true</IsActive>
            <IsTranslated>true</IsTranslated>
        </AD_Element_Trl>
        <AD_Element_Trl type="translation">
            <Help/>
            <PO_Description/>
            <PO_Help/>
            <PO_PrintName/>
            <Name>Infos zu KP zulassen</Name>
            <Description/>
            <PrintName trim="false">Infos zu KP zulassen</PrintName>
            <PO_Name/>
            <AD_Language>de_DE</AD_Language>
            <IsActive>true</IsActive>
            <IsTranslated>true</IsTranslated>
        </AD_Element_Trl>
    </AD_Element>
    <AD_Column type="table">
        <AD_Column_ID>55333</AD_Column_ID>
        <IsSyncDatabase>Y</IsSyncDatabase>
        <AD_Table_ID reference="id">156</AD_Table_ID>
        <AD_Reference_Value_ID reference="id"/>
        <AD_Client_ID>0</AD_Client_ID>
        <AD_Org_ID>0</AD_Org_ID>
        <SeqNoSelection/>
        <Version>0</Version>
        <AD_Column_ID>55333</AD_Column_ID>
        <ValueMax/>
        <IsMandatory>true</IsMandatory>
        <IsTranslated>false</IsTranslated>
        <IsIdentifier>false</IsIdentifier>
        <SeqNo/>
        <ValueMin/>
        <IsParent>false</IsParent>
        <FieldLength>1</FieldLength>
        <IsSelectionColumn>false</IsSelectionColumn>
        <IsKey>false</IsKey>
        <ReadOnlyLogic/>
        <IsAutocomplete>false</IsAutocomplete>
        <IsAllowLogging>true</IsAllowLogging>
        <MandatoryLogic/>
        <FormatPattern/>
        <AD_Column_UU>2dc00cf4-1f4b-4167-9f7b-2c68a7502b85</AD_Column_UU>
        <IsUpdateable>true</IsUpdateable>
        <Callout/>
        <ColumnName>Allow_Info_CRP</ColumnName>
        <Description/>
        <ColumnSQL/>
        <DefaultValue>N</DefaultValue>
        <Help/>
        <Name>Allow Info CRP</Name>
        <IsAllowCopy>true</IsAllowCopy>
        <IsActive>false</IsActive>
        <IsToolbarButton>false</IsToolbarButton>
        <IsAlwaysUpdateable>false</IsAlwaysUpdateable>
        <VFormat/>
        <IsEncrypted>N</IsEncrypted>
        <IsSecure>false</IsSecure>
        <FKConstraintType/>
        <FKConstraintName/>
        <AD_Reference_ID reference="id">20</AD_Reference_ID>
        <AD_Chart_ID reference="id"/>
        <AD_Element_ID reference="id">53469</AD_Element_ID>
        <AD_Val_Rule_ID reference="id"/>
        <AD_Process_ID reference="id"/>
        <EntityType>EE01</EntityType>
    </AD_Column>
    <AD_TableIndex type="table">
        <AD_TableIndex_ID>200189</AD_TableIndex_ID>
        <AD_Client_ID>0</AD_Client_ID>
        <AD_Org_ID>0</AD_Org_ID>
        <AD_TableIndex_ID>200189</AD_TableIndex_ID>
        <AD_TableIndex_UU>a5783b06-2fca-4f9b-bd26-dbd869aec1f1</AD_TableIndex_UU>
        <Description/>
        <IsActive>true</IsActive>
        <Name>ad_role_uu_idx</Name>
        <Help/>
        <IsCreateConstraint>false</IsCreateConstraint>
        <IsUnique>true</IsUnique>
        <Processing>false</Processing>
        <TableIndexDrop/>
        <AD_Message_ID reference="id"/>
        <EntityType>D</EntityType>
        <AD_Table_ID reference="id">156</AD_Table_ID>
        <AD_IndexColumn type="table">
            <AD_IndexColumn_ID>200215</AD_IndexColumn_ID>
            <AD_Client_ID>0</AD_Client_ID>
            <AD_Org_ID>0</AD_Org_ID>
            <AD_IndexColumn_ID>200215</AD_IndexColumn_ID>
            <AD_IndexColumn_UU>6326420a-7f01-4530-9e80-9f3eccf08f17</AD_IndexColumn_UU>
            <IsActive>true</IsActive>
            <ColumnSQL/>
            <SeqNo>1</SeqNo>
            <AD_Column_ID reference="id">60489</AD_Column_ID>
            <AD_TableIndex_ID reference="id">200189</AD_TableIndex_ID>
            <EntityType>D</EntityType>
        </AD_IndexColumn>
    </AD_TableIndex>
    <AD_Field type="table">
        <AD_Field_ID>55432</AD_Field_ID>
        <AD_Client_ID>0</AD_Client_ID>
        <AD_Org_ID>0</AD_Org_ID>
        <SortNo/>
        <IsEncrypted>false</IsEncrypted>
        <DisplayLength>1</DisplayLength>
        <IsSameLine>true</IsSameLine>
        <IsHeading>false</IsHeading>
        <SeqNo>430</SeqNo>
        <IsCentrallyMaintained>true</IsCentrallyMaintained>
        <AD_Field_ID>55432</AD_Field_ID>
        <IsReadOnly>false</IsReadOnly>
        <Help/>
        <ObscureType/>
        <DisplayLogic/>
        <IsMandatory/>
        <AD_Val_Rule_ID reference="id"/>
        <Description/>
        <Name>Allow Info CRP</Name>
        <IsDisplayed>true</IsDisplayed>
        <AD_Field_UU>dc747750-31fc-4711-9c0e-ed3aa5c05c7a</AD_Field_UU>
        <IsFieldOnly>false</IsFieldOnly>
        <DefaultValue/>
        <IsAllowCopy/>
        <IsActive>false</IsActive>
        <IsDisplayedGrid>true</IsDisplayedGrid>
        <SeqNoGrid>420</SeqNoGrid>
        <XPosition>5</XPosition>
        <IsQuickEntry>false</IsQuickEntry>
        <MandatoryLogic/>
        <IsUpdateable/>
        <IsAlwaysUpdateable/>
        <ReadOnlyLogic/>
        <IsToolbarButton/>
        <ColumnSpan>2</ColumnSpan>
        <NumLines>1</NumLines>
        <IsAdvancedField>false</IsAdvancedField>
        <IsDefaultFocus>false</IsDefaultFocus>
        <AD_Column_ID reference="id">55333</AD_Column_ID>
        <AD_FieldGroup_ID reference="id"/>
        <AD_Reference_ID reference="id"/>
        <AD_Reference_Value_ID reference="id"/>
        <EntityType>EE01</EntityType>
        <Included_Tab_ID reference="id"/>
        <AD_Tab_ID reference="id">119</AD_Tab_ID>
        <AD_Field_Trl type="translation">
            <Help/>
            <Description/>
            <Name>Allow Info CRP</Name>
            <AD_Language>de_DE</AD_Language>
            <IsActive>true</IsActive>
            <IsTranslated>false</IsTranslated>
        </AD_Field_Trl>
        <AD_Field_Trl type="translation">
            <Help/>
            <Description/>
            <Name>Permitir Información CRP</Name>
            <AD_Language>es_CO</AD_Language>
            <IsActive>true</IsActive>
            <IsTranslated>true</IsTranslated>
        </AD_Field_Trl>
    </AD_Field>
    <AD_Field type="table">
        <AD_Field_ID>55433</AD_Field_ID>
        <AD_Client_ID>0</AD_Client_ID>
        <AD_Org_ID>0</AD_Org_ID>
        <SortNo/>
        <IsEncrypted>false</IsEncrypted>
        <DisplayLength>1</DisplayLength>
        <IsSameLine>false</IsSameLine>
        <IsHeading>false</IsHeading>
        <SeqNo>440</SeqNo>
        <IsCentrallyMaintained>true</IsCentrallyMaintained>
        <AD_Field_ID>55433</AD_Field_ID>
        <IsReadOnly>false</IsReadOnly>
        <Help/>
        <ObscureType/>
        <DisplayLogic/>
        <IsMandatory/>
        <AD_Val_Rule_ID reference="id"/>
        <Description/>
        <Name>Allow Info MRP</Name>
        <IsDisplayed>true</IsDisplayed>
        <AD_Field_UU>eb687b83-1032-45fa-8a16-203c80778167</AD_Field_UU>
        <IsFieldOnly>false</IsFieldOnly>
        <DefaultValue/>
        <IsAllowCopy/>
        <IsActive>false</IsActive>
        <IsDisplayedGrid>true</IsDisplayedGrid>
        <SeqNoGrid>430</SeqNoGrid>
        <XPosition>2</XPosition>
        <IsQuickEntry>false</IsQuickEntry>
        <MandatoryLogic/>
        <IsUpdateable/>
        <IsAlwaysUpdateable/>
        <ReadOnlyLogic/>
        <IsToolbarButton/>
        <ColumnSpan>2</ColumnSpan>
        <NumLines>1</NumLines>
        <IsAdvancedField>false</IsAdvancedField>
        <IsDefaultFocus>false</IsDefaultFocus>
        <AD_Column_ID reference="id">55332</AD_Column_ID>
        <AD_FieldGroup_ID reference="id"/>
        <AD_Reference_ID reference="id"/>
        <AD_Reference_Value_ID reference="id"/>
        <EntityType>EE01</EntityType>
        <Included_Tab_ID reference="id"/>
        <AD_Tab_ID reference="id">119</AD_Tab_ID>
        <AD_Field_Trl type="translation">
            <Help/>
            <Description/>
            <Name>Allow Info MRP</Name>
            <AD_Language>de_DE</AD_Language>
            <IsActive>true</IsActive>
            <IsTranslated>false</IsTranslated>
        </AD_Field_Trl>
        <AD_Field_Trl type="translation">
            <Help/>
            <Description/>
            <Name>Permitir Información MRP</Name>
            <AD_Language>es_CO</AD_Language>
            <IsActive>true</IsActive>
            <IsTranslated>true</IsTranslated>
        </AD_Field_Trl>
    </AD_Field>
    <AD_TableIndex type="table">
        <AD_TableIndex_ID>200163</AD_TableIndex_ID>
        <AD_Client_ID>0</AD_Client_ID>
        <AD_Org_ID>0</AD_Org_ID>
        <AD_TableIndex_ID>200163</AD_TableIndex_ID>
        <AD_TableIndex_UU>115743c4-0ad9-43e1-8190-d71e6230f101</AD_TableIndex_UU>
        <Description/>
        <IsActive>true</IsActive>
        <Name>ad_process_access_uu_idx</Name>
        <Help/>
        <IsCreateConstraint>false</IsCreateConstraint>
        <IsUnique>true</IsUnique>
        <Processing>false</Processing>
        <TableIndexDrop/>
        <AD_Message_ID reference="id"/>
        <EntityType>D</EntityType>
        <AD_Table_ID reference="id">197</AD_Table_ID>
        <AD_IndexColumn type="table">
            <AD_IndexColumn_ID>200186</AD_IndexColumn_ID>
            <AD_Client_ID>0</AD_Client_ID>
            <AD_Org_ID>0</AD_Org_ID>
            <AD_IndexColumn_ID>200186</AD_IndexColumn_ID>
            <AD_IndexColumn_UU>e750adac-7869-4104-97a6-dbff62b11cf5</AD_IndexColumn_UU>
            <IsActive>true</IsActive>
            <ColumnSQL/>
            <SeqNo>1</SeqNo>
            <AD_Column_ID reference="id">60469</AD_Column_ID>
            <AD_TableIndex_ID reference="id">200163</AD_TableIndex_ID>
            <EntityType>D</EntityType>
        </AD_IndexColumn>
    </AD_TableIndex>
    <AD_TableIndex type="table">
        <AD_TableIndex_ID>200281</AD_TableIndex_ID>
        <AD_Client_ID>0</AD_Client_ID>
        <AD_Org_ID>0</AD_Org_ID>
        <AD_TableIndex_ID>200281</AD_TableIndex_ID>
        <AD_TableIndex_UU>07e9edf3-81a5-4018-9ede-6c8150b4f49f</AD_TableIndex_UU>
        <Description/>
        <IsActive>true</IsActive>
        <Name>ad_window_access_uu_idx</Name>
        <Help/>
        <IsCreateConstraint>false</IsCreateConstraint>
        <IsUnique>true</IsUnique>
        <Processing>false</Processing>
        <TableIndexDrop/>
        <AD_Message_ID reference="id"/>
        <EntityType>D</EntityType>
        <AD_Table_ID reference="id">201</AD_Table_ID>
        <AD_IndexColumn type="table">
            <AD_IndexColumn_ID>200317</AD_IndexColumn_ID>
            <AD_Client_ID>0</AD_Client_ID>
            <AD_Org_ID>0</AD_Org_ID>
            <AD_IndexColumn_ID>200317</AD_IndexColumn_ID>
            <AD_IndexColumn_UU>4368ba59-e72e-4948-97ea-e89914ac9e88</AD_IndexColumn_UU>
            <IsActive>true</IsActive>
            <ColumnSQL/>
            <SeqNo>1</SeqNo>
            <AD_Column_ID reference="id">60552</AD_Column_ID>
            <AD_TableIndex_ID reference="id">200281</AD_TableIndex_ID>
            <EntityType>D</EntityType>
        </AD_IndexColumn>
    </AD_TableIndex>
    <AD_TableIndex type="table">
        <AD_TableIndex_ID>200289</AD_TableIndex_ID>
        <AD_Client_ID>0</AD_Client_ID>
        <AD_Org_ID>0</AD_Org_ID>
        <AD_TableIndex_ID>200289</AD_TableIndex_ID>
        <AD_TableIndex_UU>a3c76796-837f-4abc-9169-fcdebf677976</AD_TableIndex_UU>
        <Description/>
        <IsActive>true</IsActive>
        <Name>ad_workflow_access_uu_idx</Name>
        <Help/>
        <IsCreateConstraint>false</IsCreateConstraint>
        <IsUnique>true</IsUnique>
        <Processing>false</Processing>
        <TableIndexDrop/>
        <AD_Message_ID reference="id"/>
        <EntityType>D</EntityType>
        <AD_Table_ID reference="id">202</AD_Table_ID>
        <AD_IndexColumn type="table">
            <AD_IndexColumn_ID>200326</AD_IndexColumn_ID>
            <AD_Client_ID>0</AD_Client_ID>
            <AD_Org_ID>0</AD_Org_ID>
            <AD_IndexColumn_ID>200326</AD_IndexColumn_ID>
            <AD_IndexColumn_UU>fd92a22e-2a49-4903-82d9-9a5f19ca7816</AD_IndexColumn_UU>
            <IsActive>true</IsActive>
            <ColumnSQL/>
            <SeqNo>1</SeqNo>
            <AD_Column_ID reference="id">60558</AD_Column_ID>
            <AD_TableIndex_ID reference="id">200289</AD_TableIndex_ID>
            <EntityType>D</EntityType>
        </AD_IndexColumn>
    </AD_TableIndex>
    <AD_TableIndex type="table">
        <AD_TableIndex_ID>200089</AD_TableIndex_ID>
        <AD_Client_ID>0</AD_Client_ID>
        <AD_Org_ID>0</AD_Org_ID>
        <AD_TableIndex_ID>200089</AD_TableIndex_ID>
        <AD_TableIndex_UU>1e816cd3-7a7c-4a31-8b43-66605377a450</AD_TableIndex_UU>
        <Description/>
        <IsActive>true</IsActive>
        <Name>ad_form_access_uu_idx</Name>
        <Help/>
        <IsCreateConstraint>false</IsCreateConstraint>
        <IsUnique>true</IsUnique>
        <Processing>false</Processing>
        <TableIndexDrop/>
        <AD_Message_ID reference="id"/>
        <EntityType>D</EntityType>
        <AD_Table_ID reference="id">378</AD_Table_ID>
        <AD_IndexColumn type="table">
            <AD_IndexColumn_ID>200095</AD_IndexColumn_ID>
            <AD_Client_ID>0</AD_Client_ID>
            <AD_Org_ID>0</AD_Org_ID>
            <AD_IndexColumn_ID>200095</AD_IndexColumn_ID>
            <AD_IndexColumn_UU>4bc73c39-6717-45ce-9951-748c129fb3be</AD_IndexColumn_UU>
            <IsActive>true</IsActive>
            <ColumnSQL/>
            <SeqNo>1</SeqNo>
            <AD_Column_ID reference="id">60415</AD_Column_ID>
            <AD_TableIndex_ID reference="id">200089</AD_TableIndex_ID>
            <EntityType>D</EntityType>
        </AD_IndexColumn>
    </AD_TableIndex>
    <AD_TableIndex type="table">
        <AD_TableIndex_ID>200073</AD_TableIndex_ID>
        <AD_Client_ID>0</AD_Client_ID>
        <AD_Org_ID>0</AD_Org_ID>
        <AD_TableIndex_ID>200073</AD_TableIndex_ID>
        <AD_TableIndex_UU>86e0290d-822c-49f0-86de-35b4e3b574b3</AD_TableIndex_UU>
        <Description/>
        <IsActive>true</IsActive>
        <Name>ad_document_action_acce_uu_idx</Name>
        <Help/>
        <IsCreateConstraint>false</IsCreateConstraint>
        <IsUnique>true</IsUnique>
        <Processing>false</Processing>
        <TableIndexDrop/>
        <AD_Message_ID reference="id"/>
        <EntityType>D</EntityType>
        <AD_Table_ID reference="id">53012</AD_Table_ID>
        <AD_IndexColumn type="table">
            <AD_IndexColumn_ID>200077</AD_IndexColumn_ID>
            <AD_Client_ID>0</AD_Client_ID>
            <AD_Org_ID>0</AD_Org_ID>
            <AD_IndexColumn_ID>200077</AD_IndexColumn_ID>
            <AD_IndexColumn_UU>4a96b1a8-c4bd-4a7d-9565-c280e8d02ad9</AD_IndexColumn_UU>
            <IsActive>true</IsActive>
            <ColumnSQL/>
            <SeqNo>1</SeqNo>
            <AD_Column_ID reference="id">60394</AD_Column_ID>
            <AD_TableIndex_ID reference="id">200073</AD_TableIndex_ID>
            <EntityType>D</EntityType>
        </AD_IndexColumn>
    </AD_TableIndex>
    <AD_TableIndex type="table">
        <AD_TableIndex_ID>200191</AD_TableIndex_ID>
        <AD_Client_ID>0</AD_Client_ID>
        <AD_Org_ID>0</AD_Org_ID>
        <AD_TableIndex_ID>200191</AD_TableIndex_ID>
        <AD_TableIndex_UU>78a90ff8-9012-4bb7-9b76-e76a08e669f6</AD_TableIndex_UU>
        <Description/>
        <IsActive>true</IsActive>
        <Name>ad_role_orgaccess_uu_idx</Name>
        <Help/>
        <IsCreateConstraint>false</IsCreateConstraint>
        <IsUnique>true</IsUnique>
        <Processing>false</Processing>
        <TableIndexDrop/>
        <AD_Message_ID reference="id"/>
        <EntityType>D</EntityType>
        <AD_Table_ID reference="id">422</AD_Table_ID>
        <AD_IndexColumn type="table">
            <AD_IndexColumn_ID>200217</AD_IndexColumn_ID>
            <AD_Client_ID>0</AD_Client_ID>
            <AD_Org_ID>0</AD_Org_ID>
            <AD_IndexColumn_ID>200217</AD_IndexColumn_ID>
            <AD_IndexColumn_UU>11fded9c-d09d-4db7-8150-091db48048b6</AD_IndexColumn_UU>
            <IsActive>true</IsActive>
            <ColumnSQL/>
            <SeqNo>1</SeqNo>
            <AD_Column_ID reference="id">60491</AD_Column_ID>
            <AD_TableIndex_ID reference="id">200191</AD_TableIndex_ID>
            <EntityType>D</EntityType>
        </AD_IndexColumn>
    </AD_TableIndex>
    <AD_Element type="table">
        <AD_Client_ID>0</AD_Client_ID>
        <AD_Org_ID>0</AD_Org_ID>
        <ColumnName>dpbinvisibleinrole</ColumnName>
        <Help>If checked, other users of the same role can not see this user in the Broadcaster Dashboard Panel</Help>
        <PO_Description/>
        <PO_Help/>
        <PO_PrintName/>
        <Name>Invisible in Role</Name>
        <Description>Check if the user should be invisible to other users in this role.</Description>
        <PrintName trim="false">User is invisible in this Role</PrintName>
        <PO_Name/>
        <AD_Element_UU>0b38073d-3a73-492d-ba7e-7d81b2ea6a0a</AD_Element_UU>
        <IsActive>true</IsActive>
        <EntityType>U</EntityType>
        <AD_Element_Trl type="translation">
            <Help/>
            <PO_Description/>
            <PO_Help/>
            <PO_PrintName/>
            <Name>dpbinvisibleinrole</Name>
            <Description/>
            <PrintName trim="false">dpbinvisibleinrole</PrintName>
            <PO_Name/>
            <AD_Language>de_DE</AD_Language>
            <IsActive>true</IsActive>
            <IsTranslated>false</IsTranslated>
        </AD_Element_Trl>
    </AD_Element>
    <AD_Column type="table">
        <IsSyncDatabase>Y</IsSyncDatabase>
        <AD_Table_ID reference="id">157</AD_Table_ID>
        <AD_Reference_Value_ID reference="id"/>
        <AD_Client_ID>0</AD_Client_ID>
        <AD_Org_ID>0</AD_Org_ID>
        <SeqNoSelection/>
        <Version>0.0</Version>
        <ValueMax/>
        <IsMandatory>true</IsMandatory>
        <IsTranslated>false</IsTranslated>
        <IsIdentifier>false</IsIdentifier>
        <SeqNo/>
        <ValueMin/>
        <IsParent>false</IsParent>
        <FieldLength>1</FieldLength>
        <IsSelectionColumn>false</IsSelectionColumn>
        <IsKey>false</IsKey>
        <ReadOnlyLogic/>
        <IsAutocomplete>false</IsAutocomplete>
        <IsAllowLogging>true</IsAllowLogging>
        <MandatoryLogic/>
        <FormatPattern/>
        <AD_Column_UU>4b041f3d-5be7-4a46-8d6a-272f72eda113</AD_Column_UU>
        <IsUpdateable>true</IsUpdateable>
        <Callout/>
        <ColumnName>dpbinvisibleinrole</ColumnName>
        <Description>Check if the user should be invisible to other users in this role.</Description>
        <ColumnSQL/>
        <DefaultValue/>
        <Help>If checked, other users of the same role can not see this user in the Broadcaster Dashboard Panel</Help>
        <Name>Invisible in Role</Name>
        <IsAllowCopy>true</IsAllowCopy>
        <IsActive>true</IsActive>
        <IsToolbarButton>true</IsToolbarButton>
        <IsAlwaysUpdateable>false</IsAlwaysUpdateable>
        <VFormat/>
        <IsEncrypted>N</IsEncrypted>
        <IsSecure>false</IsSecure>
        <FKConstraintType>N</FKConstraintType>
        <FKConstraintName/>
        <AD_Reference_ID reference="id">20</AD_Reference_ID>
        <AD_Chart_ID reference="id"/>
        <AD_Element_ID reference="uuid" reference-key="AD_Element">0b38073d-3a73-492d-ba7e-7d81b2ea6a0a</AD_Element_ID>
        <AD_Val_Rule_ID reference="id"/>
        <AD_Process_ID reference="id"/>
        <EntityType>U</EntityType>
    </AD_Column>
    <AD_TableIndex type="table">
        <AD_TableIndex_ID>200249</AD_TableIndex_ID>
        <AD_Client_ID>0</AD_Client_ID>
        <AD_Org_ID>0</AD_Org_ID>
        <AD_TableIndex_ID>200249</AD_TableIndex_ID>
        <AD_TableIndex_UU>c2a35b12-b8cd-4d7c-ae85-c8fed1392e35</AD_TableIndex_UU>
        <Description/>
        <IsActive>true</IsActive>
        <Name>ad_user_roles_uu_idx</Name>
        <Help/>
        <IsCreateConstraint>false</IsCreateConstraint>
        <IsUnique>true</IsUnique>
        <Processing>false</Processing>
        <TableIndexDrop/>
        <AD_Message_ID reference="id"/>
        <EntityType>D</EntityType>
        <AD_Table_ID reference="id">157</AD_Table_ID>
        <AD_IndexColumn type="table">
            <AD_IndexColumn_ID>200280</AD_IndexColumn_ID>
            <AD_Client_ID>0</AD_Client_ID>
            <AD_Org_ID>0</AD_Org_ID>
            <AD_IndexColumn_ID>200280</AD_IndexColumn_ID>
            <AD_IndexColumn_UU>3f4d2b8f-0b1f-4cf0-9ebf-0b34c7ddf330</AD_IndexColumn_UU>
            <IsActive>true</IsActive>
            <ColumnSQL/>
            <SeqNo>1</SeqNo>
            <AD_Column_ID reference="id">60536</AD_Column_ID>
            <AD_TableIndex_ID reference="id">200249</AD_TableIndex_ID>
            <EntityType>D</EntityType>
        </AD_IndexColumn>
    </AD_TableIndex>
    <AD_Field type="table">
        <AD_Client_ID>0</AD_Client_ID>
        <AD_Org_ID>0</AD_Org_ID>
        <SortNo/>
        <IsEncrypted>false</IsEncrypted>
        <DisplayLength>1</DisplayLength>
        <IsSameLine>false</IsSameLine>
        <IsHeading>false</IsHeading>
        <SeqNo>60</SeqNo>
        <IsCentrallyMaintained>true</IsCentrallyMaintained>
        <IsReadOnly>false</IsReadOnly>
        <Help>If checked, other users of the same role can not see this user in the Broadcaster Dashboard Panel</Help>
        <ObscureType/>
        <DisplayLogic/>
        <IsMandatory/>
        <AD_Val_Rule_ID reference="id"/>
        <Description>Check if the user should be invisible to other users in this role.</Description>
        <Name>Invisible in Role</Name>
        <IsDisplayed>true</IsDisplayed>
        <AD_Field_UU>6e588063-e05a-45ca-a7f2-9f69382f1341</AD_Field_UU>
        <IsFieldOnly>false</IsFieldOnly>
        <DefaultValue/>
        <IsAllowCopy/>
        <IsActive>true</IsActive>
        <IsDisplayedGrid>true</IsDisplayedGrid>
        <SeqNoGrid/>
        <XPosition>5</XPosition>
        <IsQuickEntry>false</IsQuickEntry>
        <MandatoryLogic/>
        <IsUpdateable/>
        <IsAlwaysUpdateable/>
        <ReadOnlyLogic/>
        <IsToolbarButton/>
        <ColumnSpan>2</ColumnSpan>
        <NumLines>1</NumLines>
        <IsAdvancedField>false</IsAdvancedField>
        <IsDefaultFocus>false</IsDefaultFocus>
        <AD_Column_ID reference="uuid" reference-key="AD_Column">4b041f3d-5be7-4a46-8d6a-272f72eda113</AD_Column_ID>
        <AD_FieldGroup_ID reference="id"/>
        <AD_Reference_ID reference="id"/>
        <AD_Reference_Value_ID reference="id"/>
        <EntityType>U</EntityType>
        <Included_Tab_ID reference="id"/>
        <AD_Tab_ID reference="id">120</AD_Tab_ID>
        <AD_Field_Trl type="translation">
            <Help>If checked, other users of the same role can not see this user in the Broadcaster Dashboard Panel</Help>
            <Description>Check if the user should be invisible to other users in this role.</Description>
            <Name>Invisible in Role</Name>
            <AD_Language>de_DE</AD_Language>
            <IsActive>true</IsActive>
            <IsTranslated>false</IsTranslated>
        </AD_Field_Trl>
    </AD_Field>
    <AD_TableIndex type="table">
        <AD_TableIndex_ID>200101</AD_TableIndex_ID>
        <AD_Client_ID>0</AD_Client_ID>
        <AD_Org_ID>0</AD_Org_ID>
        <AD_TableIndex_ID>200101</AD_TableIndex_ID>
        <AD_TableIndex_UU>23e48711-9d48-444c-9df0-ee0f1e4aec4c</AD_TableIndex_UU>
        <Description/>
        <IsActive>true</IsActive>
        <Name>ad_infowindow_access_uu_idx</Name>
        <Help/>
        <IsCreateConstraint>false</IsCreateConstraint>
        <IsUnique>true</IsUnique>
        <Processing>false</Processing>
        <TableIndexDrop/>
        <AD_Message_ID reference="id"/>
        <EntityType>D</EntityType>
        <AD_Table_ID reference="id">200054</AD_Table_ID>
        <AD_IndexColumn type="table">
            <AD_IndexColumn_ID>200109</AD_IndexColumn_ID>
            <AD_Client_ID>0</AD_Client_ID>
            <AD_Org_ID>0</AD_Org_ID>
            <AD_IndexColumn_ID>200109</AD_IndexColumn_ID>
            <AD_IndexColumn_UU>16f36833-383e-493a-af8e-46cdddf80aba</AD_IndexColumn_UU>
            <IsActive>true</IsActive>
            <ColumnSQL/>
            <SeqNo>1</SeqNo>
            <AD_Column_ID reference="id">208373</AD_Column_ID>
            <AD_TableIndex_ID reference="id">200101</AD_TableIndex_ID>
            <EntityType>D</EntityType>
        </AD_IndexColumn>
    </AD_TableIndex>
    <AD_Message type="table">
        <AD_Client_ID>0</AD_Client_ID>
        <AD_Org_ID>0</AD_Org_ID>
        <MsgType>I</MsgType>
        <MsgText>Clients</MsgText>
        <MsgTip/>
        <AD_Message_UU>3b485c32-c525-4e0f-9097-99d21552b0f9</AD_Message_UU>
        <Value>DPBroadcaster_Clients</Value>
        <IsActive>true</IsActive>
        <EntityType>U</EntityType>
        <AD_Message_Trl type="translation">
            <MsgText>Clients</MsgText>
            <MsgTip>Text for the clients node on Broadcaster Dashboard Panel tree</MsgTip>
            <AD_Language>de_DE</AD_Language>
            <IsActive>true</IsActive>
            <IsTranslated>false</IsTranslated>
        </AD_Message_Trl>
    </AD_Message>
    <AD_Message type="table">
        <AD_Client_ID>0</AD_Client_ID>
        <AD_Org_ID>0</AD_Org_ID>
        <MsgType>I</MsgType>
        <MsgText>Countries</MsgText>
        <MsgTip/>
        <AD_Message_UU>58ad4c94-a8b7-4ab0-85bf-16967e8713a2</AD_Message_UU>
        <Value>DPBroadcaster_Countries</Value>
        <IsActive>true</IsActive>
        <EntityType>U</EntityType>
        <AD_Message_Trl type="translation">
            <MsgText>Countries</MsgText>
            <MsgTip>Text for the countries node on Broadcaster Dashboard Panel tree</MsgTip>
            <AD_Language>de_DE</AD_Language>
            <IsActive>true</IsActive>
            <IsTranslated>false</IsTranslated>
        </AD_Message_Trl>
    </AD_Message>
    <AD_Message type="table">
        <AD_Client_ID>0</AD_Client_ID>
        <AD_Org_ID>0</AD_Org_ID>
        <MsgType>I</MsgType>
        <MsgText>Send message to</MsgText>
        <MsgTip/>
        <AD_Message_UU>45368555-e95e-4750-bacb-3a26f74c447d</AD_Message_UU>
        <Value>DPBroadcaster_Message_To</Value>
        <IsActive>true</IsActive>
        <EntityType>U</EntityType>
        <AD_Message_Trl type="translation">
            <MsgText>Send message to</MsgText>
            <MsgTip>Text for the header of the broadcast message window which opens when clicked on a node in the tree of the Broadcaster Dashboard Panel</MsgTip>
            <AD_Language>de_DE</AD_Language>
            <IsActive>true</IsActive>
            <IsTranslated>false</IsTranslated>
        </AD_Message_Trl>
    </AD_Message>
    <AD_Message type="table">
        <AD_Client_ID>0</AD_Client_ID>
        <AD_Org_ID>0</AD_Org_ID>
        <MsgType>I</MsgType>
        <MsgText>Online Users</MsgText>
        <MsgTip/>
        <AD_Message_UU>a5702e6d-7e20-4614-9d5d-8fad7975f8d0</AD_Message_UU>
        <Value>DPBroadcaster_Online_Users_Only</Value>
        <IsActive>true</IsActive>
        <EntityType>U</EntityType>
        <AD_Message_Trl type="translation">
            <MsgText>Online Users</MsgText>
            <MsgTip>Text for the online users only filter on Broadcaster Dashboard Panel</MsgTip>
            <AD_Language>de_DE</AD_Language>
            <IsActive>true</IsActive>
            <IsTranslated>false</IsTranslated>
        </AD_Message_Trl>
    </AD_Message>
    <AD_Message type="table">
        <AD_Client_ID>0</AD_Client_ID>
        <AD_Org_ID>0</AD_Org_ID>
        <MsgType>I</MsgType>
        <MsgText>Display only online users</MsgText>
        <MsgTip/>
        <AD_Message_UU>8066b5ab-30b1-4688-8f67-cfd2bb4435d2</AD_Message_UU>
        <Value>DPBroadcaster_Online_Users_Only_Tooltip</Value>
        <IsActive>true</IsActive>
        <EntityType>U</EntityType>
        <AD_Message_Trl type="translation">
            <MsgText>Display only online users</MsgText>
            <MsgTip>Text for the tooltip of the online users only filter on Broadcaster Dashboard Panel</MsgTip>
            <AD_Language>de_DE</AD_Language>
            <IsActive>true</IsActive>
            <IsTranslated>false</IsTranslated>
        </AD_Message_Trl>
    </AD_Message>
    <AD_Message type="table">
        <AD_Client_ID>0</AD_Client_ID>
        <AD_Org_ID>0</AD_Org_ID>
        <MsgType>I</MsgType>
        <MsgText>Organizations</MsgText>
        <MsgTip/>
        <AD_Message_UU>7c68f327-d5fa-46b1-bc1f-7483fda13b45</AD_Message_UU>
        <Value>DPBroadcaster_Organizations</Value>
        <IsActive>true</IsActive>
        <EntityType>U</EntityType>
        <AD_Message_Trl type="translation">
            <MsgText>Organizations</MsgText>
            <MsgTip>Text for the organizations node on Broadcaster Dashboard Panel tree</MsgTip>
            <AD_Language>de_DE</AD_Language>
            <IsActive>true</IsActive>
            <IsTranslated>false</IsTranslated>
        </AD_Message_Trl>
    </AD_Message>
    <AD_Message type="table">
        <AD_Client_ID>0</AD_Client_ID>
        <AD_Org_ID>0</AD_Org_ID>
        <MsgType>I</MsgType>
        <MsgText>Roles</MsgText>
        <MsgTip/>
        <AD_Message_UU>1b9f95f4-a950-4b59-ad7d-211cdb8c4908</AD_Message_UU>
        <Value>DPBroadcaster_Roles</Value>
        <IsActive>true</IsActive>
        <EntityType>U</EntityType>
        <AD_Message_Trl type="translation">
            <MsgText>Roles</MsgText>
            <MsgTip>Text for the roles node on Broadcaster Dashboard Panel tree</MsgTip>
            <AD_Language>de_DE</AD_Language>
            <IsActive>true</IsActive>
            <IsTranslated>false</IsTranslated>
        </AD_Message_Trl>
    </AD_Message>
    <AD_Message type="table">
        <AD_Client_ID>0</AD_Client_ID>
        <AD_Org_ID>0</AD_Org_ID>
        <MsgType>I</MsgType>
        <MsgText>Send message to</MsgText>
        <MsgTip/>
        <AD_Message_UU>c765394f-87b8-480c-a031-bf5c9569a1f2</AD_Message_UU>
        <Value>DPBroadcaster_Tooltip_Message_To</Value>
        <IsActive>true</IsActive>
        <EntityType>U</EntityType>
        <AD_Message_Trl type="translation">
            <MsgText>Send message to</MsgText>
            <MsgTip>Text for the tooltip of a node on Broadcaster Dashboard Panel tree. To this text, the client/org/role/country/region/user name is added.</MsgTip>
            <AD_Language>de_DE</AD_Language>
            <IsActive>true</IsActive>
            <IsTranslated>false</IsTranslated>
        </AD_Message_Trl>
    </AD_Message>
    <AD_Message type="table">
        <AD_Client_ID>0</AD_Client_ID>
        <AD_Org_ID>0</AD_Org_ID>
        <MsgType>I</MsgType>
        <MsgText>User Name</MsgText>
        <MsgTip/>
        <AD_Message_UU>22aa53c7-5bc8-4b0d-817b-82ced50021bf</AD_Message_UU>
        <Value>DPBroadcaster_User_Name</Value>
        <IsActive>true</IsActive>
        <EntityType>U</EntityType>
        <AD_Message_Trl type="translation">
            <MsgText>User Name</MsgText>
            <MsgTip>Text for the User Name filter on Broadcaster Dashboard Panel</MsgTip>
            <AD_Language>de_DE</AD_Language>
            <IsActive>true</IsActive>
            <IsTranslated>false</IsTranslated>
        </AD_Message_Trl>
    </AD_Message>
</idempiere>
