<?xml version="1.0" encoding="UTF-8"?><idempiere Name="org.evenos.broadcaster" Version="1.0" idempiereVersion="" DataBaseVersion="" Description="Broadcaster Dashboard Panel" Author="" AuthorEmail="" CreatedDate="2014-04-08 10:37:06.822" UpdatedDate="2014-04-08 10:37:06.822" PackOutVersion="100" UpdateDictionary="false" Client="0-SYSTEM-System" AD_Client_UU="11237b53-9592-4af1-b3c5-afd216514b5d">
    <PA_DashboardContent type="table">
        <AD_Client_ID>0</AD_Client_ID>
        <AD_Org_ID>0</AD_Org_ID>
        <Line>0</Line>
        <HTML/>
        <ColumnNo>0</ColumnNo>
        <IsCollapsible>true</IsCollapsible>
        <GoalDisplay>T</GoalDisplay>
        <Description>Send broadcast messages to users </Description>
        <Name>Broadcaster</Name>
        <IsShowInDashboard>true</IsShowInDashboard>
        <PA_DashboardContent_UU>1725e7f6-70e4-4c67-b3fa-450ae6f32a2b</PA_DashboardContent_UU>
        <ProcessParameters/>
        <IsActive>true</IsActive>
        <IsCollapsedByDefault>false</IsCollapsedByDefault>
        <IsEmbedReportContent>false</IsEmbedReportContent>
        <ZulFilePath>/zul/broadcaster.zul</ZulFilePath>
        <AD_Chart_ID reference="id"/>
        <AD_Process_ID reference="id"/>
        <AD_User_ID reference="id">0</AD_User_ID>
        <IsShowinLogin>true</IsShowinLogin>
        <AD_Window_ID reference="id"/>
        <PA_Goal_ID reference="id"/>
        <AD_Role_ID reference="id">0</AD_Role_ID>
        <PA_DashboardContent_Trl type="translation">
            <HTML/>
            <Description>Send broadcast messages to users </Description>
            <Name>Broadcaster</Name>
            <AD_Language>de_DE</AD_Language>
            <IsActive>true</IsActive>
            <IsTranslated>false</IsTranslated>
        </PA_DashboardContent_Trl>
    </PA_DashboardContent>
</idempiere>
