<?xml version="1.0" encoding="UTF-8"?><?xml-stylesheet type="text/css" href="idempiereDocument.css"?><idempiereDocument>
    <header>org.evenos.broadcaster Package Description</header>
    <H1>Package Name:</H1>
    <packagename>org.evenos.broadcaster</packagename>
    <H1>Author:</H1>
    <Name:/>
    <H1>Email Address:</H1>
    <Email/>
    <H1>Created:</H1>
    <Date>2014-04-08 10:37:06.822</Date>
    <H1>Updated:</H1>
    <Date>2014-04-10 10:04:14.747</Date>
    <H1>Description:</H1>
    <description>-Broadcaster Dashboard Panel
-Role Window with new Checkbox on user assignment tab
-User Window with new Checkbox on user roles tab
-Broadcaster Messages </description>
    <H1>Instructions:</H1>
    <instructions>Install 2Pack and configure dashboard panel access</instructions>
    <H1>Files in Package:</H1>
    <file>File: PackOut.xml</file>
    <filedirectory>Directory: \dict\</filedirectory>
    <filenotes>Notes: Contains all application/object settings for package</filenotes>
    <H1>Client:</H1>
    <Client>0-SYSTEM-System</Client>
</idempiereDocument>
